dataset,question_index,question,expected,level,source,justification,final_answer,summarized,correct,fetched_chunks
dataset1,1,Welcher Reaktortyp ist das Kernkraftwerk Grafenrheinfeld (KKG)?,Druckwasserreaktor,simple,"Stilllegung und Abbau – Sicherheitsbericht des KKG, Seite 8","Der Reaktortyp ist im einführenden Abschnitt des KKG eindeutig angegeben, es ist keine Synthese nötig.", DWR (Druckwasserreaktor), Das Kernkraftwerk Grafenrheinfeld ist ein Druckwasserreaktor.,True,"[{""filename"": ""stilllegung_und_abbau_kurzbeschreibung.md"", ""chunk_id"": ""0"", ""score"": 0.4}, {""filename"": ""stilllegung_und_abbau_kurzbeschreibung.md"", ""chunk_id"": ""21"", ""score"": 0.3204}, {""filename"": ""stilllegung_und_abbau_kurzbeschreibung.md"", ""chunk_id"": ""39"", ""score"": 0.2504}, {""filename"": ""stilllegung_und_abbau_kurzbeschreibung.md"", ""chunk_id"": ""10"", ""score"": 0.1717}, {""filename"": ""stilllegung_und_abbau_kurzbeschreibung.md"", ""chunk_id"": ""46"", ""score"": 0.1644}]"
dataset1,2,Welches Unternehmen betreibt das Kernkraftwerk Grafenrheinfeld (KKG)?,E.ON Kernkraft GmbH,simple,"Stilllegung und Abbau – Sicherheitsbericht des KKG, Seite 8",Der Betreiber wird im einleitenden Abschnitt des KKG klar genannt., E.ON, Das Kernkraftwerk Grafenrheinfeld wird von der E.ON Kernkraft GmbH (EKK) betrieben.,True,"[{""filename"": ""stilllegung_und_abbau_kurzbeschreibung.md"", ""chunk_id"": ""0"", ""score"": 0.4}, {""filename"": ""stilllegung_und_abbau_kurzbeschreibung.md"", ""chunk_id"": ""10"", ""score"": 0.3877}, {""filename"": ""stilllegung_und_abbau_kurzbeschreibung.md"", ""chunk_id"": ""21"", ""score"": 0.2649}, {""filename"": ""stilllegung_und_abbau_kurzbeschreibung.md"", ""chunk_id"": ""39"", ""score"": 0.1461}, {""filename"": ""sicherheitsbericht.md"", ""chunk_id"": ""223"", ""score"": 0.0984}]"
dataset1,3,In welchem Jahr ging das Kernkraftwerk Grafenrheinfeld in den kommerziellen Betrieb?,1982,simple,"Stilllegung und Abbau – Sicherheitsbericht des KKG, Seite 8",Das Jahr des kommerziellen Betriebsbeginns ist im KKG‑Bericht direkt angegeben., 1982, Das Kernkraftwerk Grafenrheinfeld ging 1982 in den kommerziellen Betrieb.,True,"[{""filename"": ""stilllegung_und_abbau_kurzbeschreibung.md"", ""chunk_id"": ""0"", ""score"": 0.4}, {""filename"": ""stilllegung_und_abbau_kurzbeschreibung.md"", ""chunk_id"": ""21"", ""score"": 0.3898}, {""filename"": ""stilllegung_und_abbau_kurzbeschreibung.md"", ""chunk_id"": ""39"", ""score"": 0.1094}, {""filename"": ""stilllegung_und_abbau_kurzbeschreibung.md"", ""chunk_id"": ""46"", ""score"": 0.0755}, {""filename"": ""stilllegung_und_abbau_kurzbeschreibung.md"", ""chunk_id"": ""45"", ""score"": 0.0714}]"
dataset1,4,"Wie heißt das Standort‑Zwischenlager am KKG, das 88 Stellplätze besitzt?",KKG‑BELLA,simple,"Stilllegung und Abbau – Kurzbeschreibung des KKG, Seite 6",Der Name des Standort‑Zwischenlagers wird in den KKG‑Dokumenten klar erwähnt., BELLA," Das Standort-Zwischenlager am Kernkraftwerk Gundremmingen, das 88 Stellplätze besitzt, heißt **KKG-BELLA**.",True,"[{""filename"": ""uvu.md"", ""chunk_id"": ""240"", ""score"": 0.4}, {""filename"": ""sicherheitsbericht.md"", ""chunk_id"": ""270"", ""score"": 0.3406}, {""filename"": ""stilllegung_und_abbau_kurzbeschreibung.md"", ""chunk_id"": ""18"", ""score"": 0.2612}, {""filename"": ""stilllegung_und_abbau_kurzbeschreibung.md"", ""chunk_id"": ""17"", ""score"": 0.1192}, {""filename"": ""uvu.md"", ""chunk_id"": ""241"", ""score"": 0.0895}]"
dataset1,5,Wofür steht die Abkürzung RBZ in den KKG‑Unterlagen?,Reststoffbehandlungszentrum,simple,"Stilllegung und Abbau – Kurzbeschreibung des KKG, Seite 6",Die vollständige Bezeichnung des RBZ ist in der Beschreibung der Abfallbehandlungsanlagen angegeben., RBZ," Die Abkürzung RBZ in den KKG-Unterlagen steht für ""Reststoffbehandlungszentrum"". Dieses Zentrum ist für die Behandlung von Reststoffen und Abfällen erforderlich, die während der Stilllegung und des Abbaus des KKG anfallen. Das RBZ wird in bestehenden Kontrollbereichen eingerichtet und verteilt sich im Wesentlichen auf Raumbereiche im Reaktorgebäuderingraum, im Reaktorhilfsanlagengebäude und im Entsorgungsgebäude.",False,"[{""filename"": ""stilllegung_und_abbau_kurzbeschreibung.md"", ""chunk_id"": ""65"", ""score"": 0.4}, {""filename"": ""stilllegung_und_abbau_kurzbeschreibung.md"", ""chunk_id"": ""73"", ""score"": 0.3755}, {""filename"": ""stilllegung_und_abbau_kurzbeschreibung.md"", ""chunk_id"": ""66"", ""score"": 0.3089}, {""filename"": ""stilllegung_und_abbau_kurzbeschreibung.md"", ""chunk_id"": ""111"", ""score"": 0.2784}, {""filename"": ""stilllegung_und_abbau_kurzbeschreibung.md"", ""chunk_id"": ""17"", ""score"": 0.2021}]"
dataset1,6,Nennen Sie zwei der Schutzziele für den Nachbetrieb des KKG.,Kontrolle der Reaktivität und Kühlung der Brennelemente,medium,"Stilllegung und Abbau – Sicherheitsbericht des KKG, Seiten 9–10",Die Ziele sind als Liste im Sicherheitsbericht aufgeführt; es müssen zwei ausgewählt werden.," Einhaltung, Unterstützung", Die beiden Schutzziele für den Nachbetrieb des KKG sind die Einhaltung aller Schutzziele und die Unterstützung der Abbautätigkeiten durch den Aufbau und Betrieb von Hilfssystemen.,False,"[{""filename"": ""stilllegung_und_abbau_kurzbeschreibung.md"", ""chunk_id"": ""12"", ""score"": 0.4}, {""filename"": ""stilllegung_und_abbau_kurzbeschreibung.md"", ""chunk_id"": ""14"", ""score"": 0.3747}, {""filename"": ""stilllegung_und_abbau_kurzbeschreibung.md"", ""chunk_id"": ""15"", ""score"": 0.2751}, {""filename"": ""stilllegung_und_abbau_kurzbeschreibung.md"", ""chunk_id"": ""66"", ""score"": 0.1152}, {""filename"": ""stilllegung_und_abbau_kurzbeschreibung.md"", ""chunk_id"": ""11"", ""score"": 0.1042}]"
dataset1,7,Welche Teilsektion der Abbauphase 1 des KKG entspricht dem kernbrennstofffreien Zustand?,Abschnitt 1C,medium,"Stilllegung und Abbau – Kurzbeschreibung des KKG, Seite 6",Man muss die drei Abschnitte der Abbauphase 1 verstehen und denjenigen mit kernbrennstofffreier Anlage identifizieren., Unbekannt," Es ist nicht möglich, direkt aus den bereitgestellten Informationen heraus zu bestimmen, welche Teilsektion der Abbauphase 1 des Kernkraftwerks (KKG) dem kernbrennstofffreien Zustand entspricht. Die Dokumente beschreiben allgemein die Abbauphasen und deren Aktivitäten, aber sie spezifizieren nicht eine bestimmte Teilsektion, die dem kernbrennstofffreien Zustand entspricht. Eine genauere Suche in den Dokumenten oder eine spezifischere Anfrage an die Wissensbasis könnte notwendig sein, um diese Information zu finden.",False,"[{""filename"": ""stilllegung_und_abbau_kurzbeschreibung.md"", ""chunk_id"": ""66"", ""score"": 0.4}, {""filename"": ""stilllegung_und_abbau_kurzbeschreibung.md"", ""chunk_id"": ""15"", ""score"": 0.2977}, {""filename"": ""stilllegung_und_abbau_kurzbeschreibung.md"", ""chunk_id"": ""98"", ""score"": 0.2509}, {""filename"": ""stilllegung_und_abbau_kurzbeschreibung.md"", ""chunk_id"": ""125"", ""score"": 0.2368}, {""filename"": ""stilllegung_und_abbau_kurzbeschreibung.md"", ""chunk_id"": ""70"", ""score"": 0.2155}]"
dataset1,8,Was beschreibt der Begriff ‘Sicherer Einschluss’ laut Glossar der UVU?,"Eine Stilllegungsstrategie, bei der die Anlage für eine gewisse Zeit (typischerweise 30 Jahre) sicher eingeschlossen wird",medium,"Stilllegung und Abbau – UVU, Glossar",Man muss das Glossar der UVU konsultieren und die Definition wiedergeben., Sicherer Einschluss - kein direkter Beleg in der UVU-Glossar-Definition gefunden.," Ja, ich kann eine erweiterte Suche durchführen, um weitere Informationen zum Begriff ""Sicherer Einschluss"" zu finden. Es ist jedoch wichtig zu beachten, dass der Begriff möglicherweise nicht im Kontext der UVU (Umweltverträglichkeitsuntersuchung) verwendet wird. Ich werde versuchen, weitere Dokumente zu finden, die den Begriff ""Sicherer Einschluss"" in Bezug auf die UVU erwähnen.",False,"[{""filename"": ""uvu.md"", ""chunk_id"": ""57"", ""score"": 0.4}, {""filename"": ""uvu.md"", ""chunk_id"": ""3"", ""score"": 0.3513}, {""filename"": ""uvu.md"", ""chunk_id"": ""68"", ""score"": 0.2879}, {""filename"": ""uvu.md"", ""chunk_id"": ""72"", ""score"": 0.18}, {""filename"": ""uvu.md"", ""chunk_id"": ""462"", ""score"": 0.152}]"
dataset1,9,Welche Einheit für die biologische Wirkung ionisierender Strahlung auf den Menschen nennt das UVU‑Glossar?,Sievert,medium,"Stilllegung und Abbau – UVU, Glossar",Das Glossar liefert die Definition dieser Einheit., Becquerel (Bq)," Die Einheit für die biologische Wirkung ionisierender Strahlung auf den Menschen, die im UVU-Glossar genannt wird, ist der **Becquerel (Bq)**.",False,"[{""filename"": ""uvu.md"", ""chunk_id"": ""297"", ""score"": 0.4}, {""filename"": ""uvu.md"", ""chunk_id"": ""67"", ""score"": 0.2663}, {""filename"": ""stilllegung_und_abbau_kurzbeschreibung.md"", ""chunk_id"": ""88"", ""score"": 0.2537}, {""filename"": ""sicherheitsbericht.md"", ""chunk_id"": ""452"", ""score"": 0.232}, {""filename"": ""uvu.md"", ""chunk_id"": ""220"", ""score"": 0.2167}, {""filename"": ""uvu.md"", ""chunk_id"": ""297"", ""score"": 0.4}, {""filename"": ""sicherheitsbericht.md"", ""chunk_id"": ""452"", ""score"": 0.2672}, {""filename"": ""uvu.md"", ""chunk_id"": ""220"", ""score"": 0.23}, {""filename"": ""uvu.md"", ""chunk_id"": ""67"", ""score"": 0.2269}, {""filename"": ""stilllegung_und_abbau_kurzbeschreibung.md"", ""chunk_id"": ""88"", ""score"": 0.1981}]"
dataset1,10,In welcher Naturlandschaft liegt der Standort des KRB II und wie breit ist diese dort?,"Im Donauried, etwa 8 km breit",medium,"Sicherheitsbericht KRB II, Seite 18","Man muss den Standortabschnitt des KRB II lesen, um sowohl Region als auch Breite zu ermitteln."," Gundremmingen, Schwaben, 9,3 km"," Der Standort des KRB II liegt in der Gemeinde Gundremmingen, Landkreis Günzburg, im bayerischen Regierungsbezirk Schwaben. Die Naturlandschaft in dieser Region ist eben und liegt am rechten Donauufer bei Flusskilometer 2.551. Die Breite der Nachttiefflugstrecke, die den 10-km-Bereich um das Kernkraftwerk Gundremmingen im Norden tangiert, beträgt ca. 9,3 km.",False,"[{""filename"": ""sicherheitsbericht.md"", ""chunk_id"": ""49"", ""score"": 0.4}, {""filename"": ""sicherheitsbericht.md"", ""chunk_id"": ""478"", ""score"": 0.1436}, {""filename"": ""sicherheitsbericht.md"", ""chunk_id"": ""75"", ""score"": 0.119}, {""filename"": ""sicherheitsbericht.md"", ""chunk_id"": ""432"", ""score"": 0.1071}, {""filename"": ""sicherheitsbericht.md"", ""chunk_id"": ""74"", ""score"": 0.0881}]"
dataset1,11,Welches Projekt gliedert den Abbau in zwei Phasen und welches in drei Teilvorhaben?,"Das KKG nutzt zwei Abbauphasen, das KRB II drei Teilvorhaben",hard,"Stilllegung und Abbau – Sicherheitsbericht des KKG, Seiten 8–10; Sicherheitsbericht KRB II, Kapitel 3",Die Antwort erfordert den Vergleich der Strukturen zweier unterschiedlicher Projekte., KRB II (drei Teilvorhaben)," Das Projekt, das den Abbau in drei Teilvorhaben gliedert, ist der Abbau der Anlage KRB II. Diese Teilvorhaben richten sich insbesondere nach dem Betriebszustand der Anlage.",False,"[{""filename"": ""sicherheitsbericht.md"", ""chunk_id"": ""151"", ""score"": 0.4}, {""filename"": ""stilllegung_und_abbau_kurzbeschreibung.md"", ""chunk_id"": ""122"", ""score"": 0.3628}, {""filename"": ""uvu.md"", ""chunk_id"": ""43"", ""score"": 0.3374}, {""filename"": ""uvu.md"", ""chunk_id"": ""492"", ""score"": 0.3223}, {""filename"": ""uvu.md"", ""chunk_id"": ""268"", ""score"": 0.2892}, {""filename"": ""uvu.md"", ""chunk_id"": ""43"", ""score"": 0.4}, {""filename"": ""uvu.md"", ""chunk_id"": ""268"", ""score"": 0.3402}, {""filename"": ""uvu.md"", ""chunk_id"": ""492"", ""score"": 0.3179}, {""filename"": ""sicherheitsbericht.md"", ""chunk_id"": ""31"", ""score"": 0.3019}, {""filename"": ""stilllegung_und_abbau_kurzbeschreibung.md"", ""chunk_id"": ""122"", ""score"": 0.2698}]"
dataset1,12,"Nennen Sie das Jahr der ersten nuklearen Kettenreaktion in Block B des Gundremmingen und das Jahr, in dem das KKG in Betrieb ging.",1984 und 1982,hard,"Sicherheitsbericht KRB II, Seite 34; Stilllegung und Abbau – Sicherheitsbericht des KKG, Seite 8",Man kombiniert historische Daten aus zwei Berichten.," 1982, 1984", Die erste nukleare Kettenreaktion in Block B des Gundremmingen fand am 09.03.1984 statt. Das KKG (Kernkraftwerk Gundremmingen) ging 1982 in Betrieb.,False,"[{""filename"": ""sicherheitsbericht.md"", ""chunk_id"": ""95"", ""score"": 0.4}, {""filename"": ""sicherheitsbericht.md"", ""chunk_id"": ""96"", ""score"": 0.251}, {""filename"": ""stilllegung_und_abbau_kurzbeschreibung.md"", ""chunk_id"": ""40"", ""score"": 0.1679}, {""filename"": ""uvu.md"", ""chunk_id"": ""50"", ""score"": 0.0474}, {""filename"": ""sicherheitsbericht.md"", ""chunk_id"": ""37"", ""score"": 0.0349}]"
dataset1,13,"Nennen Sie zwei Gebäude, in denen das Reststoffbehandlungszentrum (RBZ) des KKG hauptsächlich eingerichtet ist.",Reaktorgebäude‑Ringraum und Reaktorhilfsanlagengebäude,hard,"Stilllegung und Abbau – Kurzbeschreibung des KKG, Seite 6",Die Lage des RBZ muss aus der Beschreibung der Reststoffbehandlung entnommen werden.," 1. Reaktorgebäude-Ringraum
2. Reaktorhilfsanlagengebäude"," Das Reststoffbehandlungszentrum (RBZ) des KKG ist hauptsächlich in zwei Gebäuden eingerichtet:

1. **Reaktorgebäude-Ringraum**
2. **Reaktorhilfsanlagengebäude**",False,"[{""filename"": ""stilllegung_und_abbau_kurzbeschreibung.md"", ""chunk_id"": ""17"", ""score"": 0.4}, {""filename"": ""stilllegung_und_abbau_kurzbeschreibung.md"", ""chunk_id"": ""26"", ""score"": 0.2343}, {""filename"": ""stilllegung_und_abbau_kurzbeschreibung.md"", ""chunk_id"": ""125"", ""score"": 0.1777}, {""filename"": ""stilllegung_und_abbau_kurzbeschreibung.md"", ""chunk_id"": ""101"", ""score"": 0.0881}, {""filename"": ""stilllegung_und_abbau_kurzbeschreibung.md"", ""chunk_id"": ""40"", ""score"": 0.0394}]"
dataset1,14,"Welches der beiden Werke, KKG oder KRB II, hat vor der Stilllegung mehr Strom produziert?",KRB II,hard,"Stilllegung und Abbau – Sicherheitsbericht des KKG, Seite 8; Sicherheitsbericht KRB II, Seite 34",Man muss die Produktionsdaten aus zwei Berichten vergleichen., Keine Antwort gefunden," Ich habe keine spezifischen Informationen über die Stromproduktion des KKG oder des KRB II vor der Stilllegung gefunden. Es ist notwendig, eine verfeinerte Suche durchzuführen, um genauere Daten zu erhalten.",False,"[{""filename"": ""stilllegung_und_abbau_kurzbeschreibung.md"", ""chunk_id"": ""88"", ""score"": 0.4}, {""filename"": ""stilllegung_und_abbau_kurzbeschreibung.md"", ""chunk_id"": ""104"", ""score"": 0.1966}, {""filename"": ""stilllegung_und_abbau_kurzbeschreibung.md"", ""chunk_id"": ""26"", ""score"": 0.1813}, {""filename"": ""stilllegung_und_abbau_kurzbeschreibung.md"", ""chunk_id"": ""13"", ""score"": 0.1798}, {""filename"": ""stilllegung_und_abbau_kurzbeschreibung.md"", ""chunk_id"": ""11"", ""score"": 0.0252}, {""filename"": ""stilllegung_und_abbau_kurzbeschreibung.md"", ""chunk_id"": ""88"", ""score"": 0.4}, {""filename"": ""stilllegung_und_abbau_kurzbeschreibung.md"", ""chunk_id"": ""104"", ""score"": 0.1966}, {""filename"": ""stilllegung_und_abbau_kurzbeschreibung.md"", ""chunk_id"": ""26"", ""score"": 0.1813}, {""filename"": ""stilllegung_und_abbau_kurzbeschreibung.md"", ""chunk_id"": ""13"", ""score"": 0.1798}, {""filename"": ""stilllegung_und_abbau_kurzbeschreibung.md"", ""chunk_id"": ""11"", ""score"": 0.0252}]"
dataset1,15,Welchen Baulinien der KWU gehören KKG bzw. KRB II an?,KKG: Baulinie 3 (Vor‑Konvoi); KRB II: Baulinie 72,hard,"Stilllegung und Abbau – Sicherheitsbericht des KKG, Seite 8; Sicherheitsbericht KRB II, Seite 34",Die jeweiligen Baulinien sind in beiden Berichten zu entnehmen und zu unterscheiden.," 72, 3"," Die KRB II gehört der Baulinie 72 der KWU (Kraftwerk Union) an, während das KKG (Kernkraftwerk Grafenrheinfeld) der Baulinie 3 (Vor-Konvoi) der KWU angehört.",False,"[{""filename"": ""sicherheitsbericht.md"", ""chunk_id"": ""95"", ""score"": 0.4}, {""filename"": ""stilllegung_und_abbau_kurzbeschreibung.md"", ""chunk_id"": ""39"", ""score"": 0.2794}, {""filename"": ""stilllegung_und_abbau_kurzbeschreibung.md"", ""chunk_id"": ""10"", ""score"": 0.1931}, {""filename"": ""stilllegung_und_abbau_kurzbeschreibung.md"", ""chunk_id"": ""26"", ""score"": 0.039}, {""filename"": ""sicherheitsbericht.md"", ""chunk_id"": ""430"", ""score"": 0.0268}]"
dataset2,1,Wie viele Millionen Megawattstunden Strom hat das KKG bis zum 27. Juni 2015 produziert?,333,simple,"Stilllegung und Abbau – Sicherheitsbericht des KKG, Seite 8","Die Produktionszahl ist im KKG direkt angegeben, es braucht keine Berechnung.", 333 (Millionen MWh), Das Kernkraftwerk Grafenrheinfeld (KKG) hat bis zum 27. Juni 2015 mehr als 333 Millionen Megawattstunden (MWh) Strom produziert.,True,"[{""filename"": ""stilllegung_und_abbau_kurzbeschreibung.md"", ""chunk_id"": ""39"", ""score"": 0.4}, {""filename"": ""stilllegung_und_abbau_kurzbeschreibung.md"", ""chunk_id"": ""10"", ""score"": 0.1791}, {""filename"": ""uvu.md"", ""chunk_id"": ""479"", ""score"": 0.1677}, {""filename"": ""sicherheitsbericht.md"", ""chunk_id"": ""442"", ""score"": 0.1175}, {""filename"": ""uvu.md"", ""chunk_id"": ""65"", ""score"": 0.0265}]"
dataset2,2,In welchem Jahr fand die erste nukleare Kettenreaktion im Block B des Gundremmingen statt?,1984,simple,"Sicherheitsbericht KRB II, Seite 34",Das Jahr der ersten Kettenreaktion ist in der historischen Tabelle des KRB II eindeutig aufgeführt., 1984, Die erste nukleare Kettenreaktion im Block B des Kernkraftwerks Gundremmingen fand am 09.03.1984 statt.,True,"[{""filename"": ""sicherheitsbericht.md"", ""chunk_id"": ""95"", ""score"": 0.4}, {""filename"": ""sicherheitsbericht.md"", ""chunk_id"": ""96"", ""score"": 0.2436}, {""filename"": ""uvu.md"", ""chunk_id"": ""50"", ""score"": 0.0617}, {""filename"": ""sicherheitsbericht.md"", ""chunk_id"": ""37"", ""score"": 0.0386}, {""filename"": ""sicherheitsbericht.md"", ""chunk_id"": ""102"", ""score"": 0.0087}]"
dataset2,3,Wie viele Stellplätze hat das Standort‑Zwischenlager KKG‑BELLA?,88,simple,"Stilllegung und Abbau – Kurzbeschreibung des KKG, Seite 6",Die Kapazität des KKG‑BELLA ist in der Kurzbeschreibung klar angegeben., Nicht gefunden," Ich konnte keine spezifischen Informationen zur Anzahl der Stellplätze im Standort-Zwischenlager KKG-BELLA finden. Es tut mir leid, dass ich dir nicht weiterhelfen kann.",False,"[{""filename"": ""stilllegung_und_abbau_kurzbeschreibung.md"", ""chunk_id"": ""25"", ""score"": 0.4}, {""filename"": ""uvu.md"", ""chunk_id"": ""403"", ""score"": 0.3465}, {""filename"": ""sicherheitsbericht.md"", ""chunk_id"": ""370"", ""score"": 0.3465}, {""filename"": ""sicherheitsbericht.md"", ""chunk_id"": ""362"", ""score"": 0.2776}, {""filename"": ""uvu.md"", ""chunk_id"": ""383"", ""score"": 0.2642}, {""filename"": ""stilllegung_und_abbau_kurzbeschreibung.md"", ""chunk_id"": ""25"", ""score"": 0.4}, {""filename"": ""uvu.md"", ""chunk_id"": ""403"", ""score"": 0.3465}, {""filename"": ""sicherheitsbericht.md"", ""chunk_id"": ""370"", ""score"": 0.3465}, {""filename"": ""sicherheitsbericht.md"", ""chunk_id"": ""362"", ""score"": 0.2776}, {""filename"": ""uvu.md"", ""chunk_id"": ""383"", ""score"": 0.2642}]"
dataset2,4,Wie hoch ist die installierte elektrische Leistung in Megawatt für jede der beiden Einheiten des Gundremmingen KRB II?,1344,simple,"Sicherheitsbericht KRB II, Seite 34",Die installierte Leistung je Einheit ist in der Beschreibung des KRB II angegeben., 1344 MW (zwei Einheiten), Die installierte elektrische Leistung für jede der beiden Einheiten des Gundremmingen KRB II beträgt jeweils 1344 Megawatt (MW).,True,"[{""filename"": ""sicherheitsbericht.md"", ""chunk_id"": ""12"", ""score"": 0.4}, {""filename"": ""sicherheitsbericht.md"", ""chunk_id"": ""382"", ""score"": 0.2611}, {""filename"": ""sicherheitsbericht.md"", ""chunk_id"": ""95"", ""score"": 0.124}, {""filename"": ""stilllegung_und_abbau_kurzbeschreibung.md"", ""chunk_id"": ""107"", ""score"": 0.0621}, {""filename"": ""sicherheitsbericht.md"", ""chunk_id"": ""272"", ""score"": 0.0571}]"
dataset2,5,Über wie viele Jahre ist der Betrieb des Zwischenlagers KKG‑BELLA ab 2006 genehmigt?,40,simple,"Stilllegung und Abbau – Kurzbeschreibung des KKG, Seite 6",Die Genehmigungsdauer für KKG‑BELLA ist in den KKG‑Dokumenten explizit genannt., 40, Der Betrieb des Zwischenlagers KKG-BELLA ist ab Beginn des Einlagerungsbetriebs im Jahr 2006 für einen Zeitraum von 40 Jahren genehmigt.,True,"[{""filename"": ""stilllegung_und_abbau_kurzbeschreibung.md"", ""chunk_id"": ""17"", ""score"": 0.4}, {""filename"": ""stilllegung_und_abbau_kurzbeschreibung.md"", ""chunk_id"": ""18"", ""score"": 0.388}, {""filename"": ""uvu.md"", ""chunk_id"": ""480"", ""score"": 0.2043}, {""filename"": ""stilllegung_und_abbau_kurzbeschreibung.md"", ""chunk_id"": ""40"", ""score"": 0.1548}, {""filename"": ""sicherheitsbericht.md"", ""chunk_id"": ""137"", ""score"": 0.1508}]"
dataset2,6,Wie hoch ist die thermische Leistung in Megawatt jeder Reaktoreinheit des Gundremmingen KRB II?,3840,medium,"Sicherheitsbericht KRB II, Seite 34",Die thermische Leistung muss aus der Reaktorbeschreibung im KRB II entnommen werden., 3840 (Megawatt), Die thermische Leistung jeder Reaktoreinheit des Gundremmingen KRB II beträgt 3.840 Megawatt.,True,"[{""filename"": ""sicherheitsbericht.md"", ""chunk_id"": ""95"", ""score"": 0.4}, {""filename"": ""sicherheitsbericht.md"", ""chunk_id"": ""312"", ""score"": 0.3907}, {""filename"": ""sicherheitsbericht.md"", ""chunk_id"": ""12"", ""score"": 0.2433}, {""filename"": ""sicherheitsbericht.md"", ""chunk_id"": ""251"", ""score"": 0.1286}, {""filename"": ""sicherheitsbericht.md"", ""chunk_id"": ""304"", ""score"": 0.0929}]"
dataset2,7,In wie viele Phasen ist der Abbau des KKG unterteilt?,2,medium,"Stilllegung und Abbau – Sicherheitsbericht des KKG, Seiten 8–10","Es muss im Stilllegungsplan nachgeschlagen werden, um die Anzahl der Phasen zu bestimmen.", Zwei," Der Abbau des KKG ist in mindestens zwei Phasen unterteilt. In der ersten Abbauphase werden insbesondere die aktivierten Bauteile, wie die RDB-Einbauten, abgebaut, um die Wassersysteme so schnell wie möglich zu entleeren. Weitere Details zu den spezifischen Maßnahmen und der Aufteilung der Phasen sind in den abgerufenen Dokumenten nicht vollständig beschrieben.",False,"[{""filename"": ""stilllegung_und_abbau_kurzbeschreibung.md"", ""chunk_id"": ""124"", ""score"": 0.4}, {""filename"": ""sicherheitsbericht.md"", ""chunk_id"": ""151"", ""score"": 0.22}, {""filename"": ""stilllegung_und_abbau_kurzbeschreibung.md"", ""chunk_id"": ""26"", ""score"": 0.2165}, {""filename"": ""stilllegung_und_abbau_kurzbeschreibung.md"", ""chunk_id"": ""40"", ""score"": 0.1616}, {""filename"": ""stilllegung_und_abbau_kurzbeschreibung.md"", ""chunk_id"": ""58"", ""score"": 0.0539}]"
dataset2,8,Wie viele Abschnitte sind für die Abbauphase 1 des KKG beschrieben?,3,medium,"Stilllegung und Abbau – Kurzbeschreibung des KKG, Seite 6","Die drei Abschnitte (1A, 1B, 1C) sind in der Kurzbeschreibung nachzulesen.", 3," Die Abbauphase 1 des KKG ist in drei Abschnitte unterteilt:

- Abschnitt 1A: Im BE-Lagerbecken befinden sich sowohl bestrahlte BE als auch einzelne Sonderbrennstäbe.
- Abschnitt 1B: Einzelne Sonderbrennstäbe sind noch im BE-Lagerbecken vorhanden.
- Abschnitt 1C: Die Anlage ist frei von Kernbrennstoff.

Es gibt also drei Abschnitte für die Abbauphase 1 des KKG.",True,"[{""filename"": ""stilllegung_und_abbau_kurzbeschreibung.md"", ""chunk_id"": ""66"", ""score"": 0.4}, {""filename"": ""stilllegung_und_abbau_kurzbeschreibung.md"", ""chunk_id"": ""16"", ""score"": 0.3327}, {""filename"": ""stilllegung_und_abbau_kurzbeschreibung.md"", ""chunk_id"": ""15"", ""score"": 0.3077}, {""filename"": ""stilllegung_und_abbau_kurzbeschreibung.md"", ""chunk_id"": ""125"", ""score"": 0.2006}, {""filename"": ""stilllegung_und_abbau_kurzbeschreibung.md"", ""chunk_id"": ""111"", ""score"": 0.1413}]"
dataset2,9,Wie hoch ist laut KRB II‑Bericht die mittlere Geländehöhe der Umgebung über NN in Metern?,431.5,medium,"Sicherheitsbericht KRB II, Seite 18",Dieser numerische Wert wird in der Standortbeschreibung angegeben.," 431,5"," Die mittlere Geländehöhe der Umgebung über NN beträgt laut KRB II-Bericht 431,5 Meter.",False,"[{""filename"": ""sicherheitsbericht.md"", ""chunk_id"": ""51"", ""score"": 0.4}, {""filename"": ""sicherheitsbericht.md"", ""chunk_id"": ""89"", ""score"": 0.2365}, {""filename"": ""uvu.md"", ""chunk_id"": ""317"", ""score"": 0.2043}, {""filename"": ""sicherheitsbericht.md"", ""chunk_id"": ""414"", ""score"": 0.1454}, {""filename"": ""uvu.md"", ""chunk_id"": ""335"", ""score"": 0.1088}]"
dataset2,10,Wie breit ist das Donauried am Standort des KRB II in Kilometern?,8,medium,"Sicherheitsbericht KRB II, Seite 18",Die Breite des Donaurieds wird in der Standortbeschreibung erwähnt., Breite unbekannt," Ich habe keine spezifischen Informationen zur Breite des Donaurieds am Standort des KRB II gefunden. Es wäre empfehlenswert, eine verfeinerte Suche durchzuführen, um weitere Details zu diesem Thema zu finden.",False,"[{""filename"": ""sicherheitsbericht.md"", ""chunk_id"": ""49"", ""score"": 0.4}, {""filename"": ""sicherheitsbericht.md"", ""chunk_id"": ""93"", ""score"": 0.3702}, {""filename"": ""sicherheitsbericht.md"", ""chunk_id"": ""478"", ""score"": 0.3321}, {""filename"": ""uvu.md"", ""chunk_id"": ""228"", ""score"": 0.2298}, {""filename"": ""sicherheitsbericht.md"", ""chunk_id"": ""432"", ""score"": 0.1472}]"
dataset2,11,Um wie viele Millionen Megawattstunden übertrifft die Gesamtstromproduktion des KRB II die des KKG?,282,hard,"Sicherheitsbericht KRB II, Seite 34; Stilllegung und Abbau – Sicherheitsbericht des KKG, Seite 8",Es muss 615 Mrd. kWh in Millionen MWh umgerechnet und die Differenz zu 333 Mio. MWh gebildet werden., Nicht möglich," Ich habe keine Informationen zur Stromproduktion des KKG gefunden. Es ist daher nicht möglich, zu sagen, ob die Gesamtstromproduktion des KRB II die des KKG übertrifft. Es ist notwendig, weitere Informationen zu suchen, um dies zu bestimmen.",False,"[{""filename"": ""stilllegung_und_abbau_kurzbeschreibung.md"", ""chunk_id"": ""26"", ""score"": 0.4}, {""filename"": ""stilllegung_und_abbau_kurzbeschreibung.md"", ""chunk_id"": ""58"", ""score"": 0.2443}, {""filename"": ""stilllegung_und_abbau_kurzbeschreibung.md"", ""chunk_id"": ""65"", ""score"": 0.1792}, {""filename"": ""stilllegung_und_abbau_kurzbeschreibung.md"", ""chunk_id"": ""104"", ""score"": 0.1327}, {""filename"": ""uvu.md"", ""chunk_id"": ""38"", ""score"": 0.128}, {""filename"": ""stilllegung_und_abbau_kurzbeschreibung.md"", ""chunk_id"": ""88"", ""score"": 0.4}, {""filename"": ""stilllegung_und_abbau_kurzbeschreibung.md"", ""chunk_id"": ""30"", ""score"": 0.2962}, {""filename"": ""uvu.md"", ""chunk_id"": ""459"", ""score"": 0.2614}, {""filename"": ""stilllegung_und_abbau_kurzbeschreibung.md"", ""chunk_id"": ""32"", ""score"": 0.2047}, {""filename"": ""stilllegung_und_abbau_kurzbeschreibung.md"", ""chunk_id"": ""73"", ""score"": 0.1981}]"
dataset2,12,Wie groß ist das Verhältnis der Gesamtproduktion des KRB II zur Produktion des KKG (gerundet)?,1.85,hard,"Sicherheitsbericht KRB II, Seite 34; Stilllegung und Abbau – Sicherheitsbericht des KKG, Seite 8",Das Verhältnis ergibt sich aus der Division von 615 Mio. MWh durch 333 Mio. MWh., Nicht vergleichbar," Es ist aus dem gegebenen Kontext nicht möglich, die Gesamtproduktion des KRB II und die Produktion des KKG zu vergleichen, da die Produktion des KKG nicht erwähnt wird.",False,"[{""filename"": ""stilllegung_und_abbau_kurzbeschreibung.md"", ""chunk_id"": ""26"", ""score"": 0.4}, {""filename"": ""stilllegung_und_abbau_kurzbeschreibung.md"", ""chunk_id"": ""58"", ""score"": 0.2443}, {""filename"": ""stilllegung_und_abbau_kurzbeschreibung.md"", ""chunk_id"": ""65"", ""score"": 0.1792}, {""filename"": ""stilllegung_und_abbau_kurzbeschreibung.md"", ""chunk_id"": ""104"", ""score"": 0.1327}, {""filename"": ""uvu.md"", ""chunk_id"": ""38"", ""score"": 0.128}, {""filename"": ""stilllegung_und_abbau_kurzbeschreibung.md"", ""chunk_id"": ""26"", ""score"": 0.4}, {""filename"": ""stilllegung_und_abbau_kurzbeschreibung.md"", ""chunk_id"": ""58"", ""score"": 0.2443}, {""filename"": ""stilllegung_und_abbau_kurzbeschreibung.md"", ""chunk_id"": ""65"", ""score"": 0.1792}, {""filename"": ""stilllegung_und_abbau_kurzbeschreibung.md"", ""chunk_id"": ""104"", ""score"": 0.1327}, {""filename"": ""uvu.md"", ""chunk_id"": ""38"", ""score"": 0.128}, {""filename"": ""stilllegung_und_abbau_kurzbeschreibung.md"", ""chunk_id"": ""26"", ""score"": 0.4}, {""filename"": ""stilllegung_und_abbau_kurzbeschreibung.md"", ""chunk_id"": ""58"", ""score"": 0.2443}, {""filename"": ""stilllegung_und_abbau_kurzbeschreibung.md"", ""chunk_id"": ""65"", ""score"": 0.1792}, {""filename"": ""stilllegung_und_abbau_kurzbeschreibung.md"", ""chunk_id"": ""104"", ""score"": 0.1327}, {""filename"": ""uvu.md"", ""chunk_id"": ""38"", ""score"": 0.128}]"
dataset2,13,Wie groß ist der Höhenunterschied in Metern zwischen Anlagenhöhe und durchschnittlicher Geländehöhe beim KRB II?,1.5,hard,"Sicherheitsbericht KRB II, Seite 18","Die Differenz aus Anlagenhöhe (433,0 m) und mittlerer Geländehöhe (431,5 m) muss berechnet werden."," 1,5 Meter"," Der Höhenunterschied zwischen der Anlagenhöhe und der durchschnittlichen Geländehöhe beim KRB II beträgt 1,5 Meter.",False,"[{""filename"": ""uvu.md"", ""chunk_id"": ""464"", ""score"": 0.4}, {""filename"": ""uvu.md"", ""chunk_id"": ""317"", ""score"": 0.1667}, {""filename"": ""sicherheitsbericht.md"", ""chunk_id"": ""89"", ""score"": 0.0864}, {""filename"": ""sicherheitsbericht.md"", ""chunk_id"": ""430"", ""score"": 0.0781}, {""filename"": ""sicherheitsbericht.md"", ""chunk_id"": ""334"", ""score"": 0.0378}]"
dataset2,14,"Wie viele Stilllegungsabschnitte ergeben sich insgesamt, wenn man die Zahl der Abbauphasen des KKG und die Zahl der Teilvorhaben des KRB II addiert?",5,hard,"Stilllegung und Abbau – Sicherheitsbericht des KKG, Seiten 8–10; Sicherheitsbericht KRB II, Kapitel 3",Es ist die Summe aus den zwei Phasen des KKG und den drei Teilvorhaben des KRB II zu bilden., Keine Angaben," Es lassen sich aus dem gegebenen Kontext keine Angaben zur Anzahl der Abbauphasen des KKG oder der Teilvorhaben des KRB II finden. Es wird empfohlen, eine verfeinerte Suche durchzuführen, um diese Informationen zu finden.",False,"[{""filename"": ""uvu.md"", ""chunk_id"": ""403"", ""score"": 0.4}, {""filename"": ""sicherheitsbericht.md"", ""chunk_id"": ""370"", ""score"": 0.2771}, {""filename"": ""sicherheitsbericht.md"", ""chunk_id"": ""362"", ""score"": 0.2363}, {""filename"": ""uvu.md"", ""chunk_id"": ""452"", ""score"": 0.1851}, {""filename"": ""stilllegung_und_abbau_kurzbeschreibung.md"", ""chunk_id"": ""111"", ""score"": 0.1824}]"
dataset2,15,Wie viele Jahre liegen zwischen der ersten nuklearen Kettenreaktion im Block B des Gundremmingen (9. März 1984) und dem Beginn des Betriebs von KKG‑BELLA (2006)?,22,hard,"Sicherheitsbericht KRB II, Seite 34; Stilllegung und Abbau – Kurzbeschreibung des KKG, Seite 6",Die Differenz zwischen 2006 und 1984 muss anhand zweier Daten aus unterschiedlichen Dokumenten ermittelt werden., 22 Jahre, Die Zeitspanne zwischen der ersten nuklearen Kettenreaktion im Block B des Gundremmingen (9. März 1984) und dem Beginn des Betriebs von KKG-BELLA (2006) beträgt 22 Jahre.,True,[]
